province,district,latitude,longitude,merged_from
Adana,KARAİSALI,37.2571,35.0587,bunick:town
Adana,POZANTI,37.4231,34.8724,bunick:town
Adana,SARIÇAM,37.0332,35.4124,bunick:town
Adana,YUMURTALIK,36.7674,35.7917,bunick:town
Adıyaman,GÖLBAŞI,37.7847,37.6437,bunick:town
Afyonkarahisar,BAŞMAKÇI,37.8974,30.01,bunick:town
Afyonkarahisar,DAZKIRI,37.9193,29.8606,bunick:town
Afyonkarahisar,KIZILÖREN,38.2578,30.1491,bunick:town
Afyonkarahisar,SANDIKLI,38.4649,30.2693,bunick:town
Afyonkarahisar,SULTANDAĞI,38.5302,31.2294,bunick:town
Ağrı,DOĞUBAYAZIT,39.5484,44.0811,bunick:town
Ağrı,TAŞLIÇAY,39.6348,43.3761,bunick:town
Amasya,GÜMÜŞHACIKÖY,40.8737,35.2157,bunick:town
Ankara,ALTINDAĞ,39.9351,32.8517,bunick:town
Ankara,BEYPAZARI,40.168,31.9207,bunick:town
Ankara,ÇAMLIDERE,40.4914,32.476,bunick:town
Ankara,GÖLBAŞI,39.7899,32.8036,bunick:town
Ankara,KAHRAMANKAZAN,40.2053,32.6806,bunick:town
Ankara,KIZILCAHAMAM,40.4719,32.6482,bunick:town
Ankara,NALLIHAN,40.1887,31.3503,bunick:town
Ankara,POLATLI,39.5848,32.1421,bunick:town
Antalya,DÖŞEMEALTI,37.0229,30.6012,bunick:town
Antalya,ELMALI,36.7377,29.9167,bunick:town
Antalya,İBRADI,37.0957,31.5955,bunick:town
Antalya,KONYAALTI,36.8649,30.6422,bunick:town
Aydın,KOÇARLI,37.7607,27.7064,bunick:town
Aydın,KUŞADASI,37.8695,27.2645,bunick:town
Balıkesir,ALTIEYLÜL,39.6316,27.8879,bunick:town
Balıkesir,AYVALIK,39.318,26.6915,bunick:town
Balıkesir,BANDIRMA,40.2885,27.9624,bunick:town
Balıkesir,SINDIRGI,39.2391,28.1749,bunick:town
Bilecik,GÖLPAZARI,40.2836,30.3155,bunick:town
Bingöl,KARLIOVA,39.2945,41.0101,bunick:town
Bingöl,SOLHAN,38.9669,41.0542,bunick:town
Bingöl,YAYLADERE,39.2275,40.0685,bunick:town
Bingöl,YEDİSU,39.4339,40.5452,bunick:town
Bitlis,MERKEZ,38.398,42.107,bunick:province
Bitlis,ADİLCEVAZ,38.7947,42.7514,bunick:town
Bitlis,AHLAT,38.7524,42.4937,bunick:town
Bitlis,GÜROYMAK,38.5741,42.0253,bunick:town
Bitlis,HİZAN,38.2215,42.4236,bunick:town
Bitlis,MUTKİ,38.4097,41.9184,bunick:town
Bitlis,TATVAN,38.5044,42.28,bunick:town
Bolu,MERKEZ,40.7328,31.6085,bunick:province
Bolu,DÖRTDİVAN,40.7207,32.0626,bunick:town
Bolu,GEREDE,40.7974,32.2017,bunick:town
Bolu,GÖYNÜK,40.3988,30.7859,bunick:town
Bolu,KIBRISCIK,40.4099,31.848,bunick:town
Bolu,MENGEN,40.9389,32.0733,bunick:town
Bolu,MUDURNU,40.4661,31.2113,bunick:town
Bolu,SEBEN,40.4116,31.5735,bunick:town
Bolu,YENİÇAĞA,40.7713,32.0298,bunick:town
Burdur,MERKEZ,37.7181,30.2819,bunick:province
Burdur,AĞLASUN,37.6493,30.5339,bunick:town
Burdur,ALTINYAYLA,36.9983,29.5468,bunick:town
Burdur,BUCAK,37.4565,30.588,bunick:town
Burdur,ÇAVDIR,37.1555,29.6906,bunick:town
Burdur,ÇELTİKÇİ,37.5338,30.4826,bunick:town
Burdur,GÖLHİSAR,37.1511,29.5107,bunick:town
Burdur,KARAMANLI,37.3726,29.8279,bunick:town
Burdur,KEMER,37.3533,30.0611,bunick:town
Burdur,TEFENNİ,37.3078,29.7721,bunick:town
Burdur,YEŞİLOVA,37.5061,29.7533,bunick:town
Bursa,BÜYÜKORHAN,39.7708,28.8861,bunick:town
Bursa,GEMLİK,40.4344,29.1521,bunick:town
Bursa,GÜRSU,40.2182,29.1921,bunick:town
Bursa,HARMANCIK,39.6768,29.1547,bunick:town
Bursa,İNEGÖL,40.08,29.5096,bunick:town
Bursa,İZNİK,40.4294,29.7197,bunick:town
Bursa,KARACABEY,40.216,28.3586,bunick:town
Bursa,KELES,39.9125,29.2335,bunick:town
Bursa,KESTEL,40.2006,29.2126,bunick:town
Bursa,MUDANYA,40.3734,28.8884,bunick:town
Bursa,MUSTAFAKEMALPAŞA,40.0377,28.4083,bunick:town
Bursa,NİLÜFER,40.2164,28.9771,bunick:town
Bursa,ORHANELİ,39.9038,28.9867,bunick:town
Bursa,ORHANGAZİ,40.4906,29.3085,bunick:town
Bursa,OSMANGAZİ,40.1961,29.0602,bunick:town
Bursa,YENİŞEHİR,40.2642,29.6506,bunick:town
Bursa,YILDIRIM,40.1915,29.1272,bunick:town
Çanakkale,MERKEZ,40.1466,26.4086,bunick:province
Çanakkale,AYVACIK,39.6019,26.3996,bunick:town
Çanakkale,BAYRAMİÇ,39.8094,26.6118,bunick:town
Çanakkale,BİGA,40.2259,27.2465,bunick:town
Çanakkale,BOZCAADA,39.8223,26.0325,bunick:town
Çanakkale,ÇAN,40.0282,27.0491,bunick:town
Çanakkale,ECEABAT,40.1843,26.3592,bunick:town-fuzzy
Çanakkale,EZİNE,39.7872,26.3351,bunick:town
Çanakkale,GELİBOLU,40.4141,26.6703,bunick:town
Çanakkale,GÖKÇEADA,40.1614,25.8397,bunick:town
Çanakkale,LAPSEKİ,40.3441,26.6835,bunick:town
Çanakkale,YENİCE,39.9296,27.2594,bunick:town
Çankırı,MERKEZ,40.5972,33.6153,bunick:province
Çankırı,ATKARACALAR,40.8161,33.0754,bunick:town
Çankırı,BAYRAMÖREN,40.9431,33.204,bunick:town
Çankırı,ÇERKEŞ,40.8122,32.8918,bunick:town
Çankırı,ELDİVAN,40.5303,33.4971,bunick:town
Çankırı,ILGAZ,40.9249,33.6253,bunick:town
Çankırı,KIZILIRMAK,40.3445,33.985,bunick:town
Çankırı,KORGUN,40.7346,33.5184,bunick:town
Çankırı,KURŞUNLU,40.843,33.2634,bunick:town
Çankırı,ORTA,40.627,33.1077,bunick:town
Çankırı,ŞABANÖZÜ,40.4833,33.2825,bunick:town
Çankırı,YAPRAKLI,40.7572,33.7787,bunick:town
Çorum,MERKEZ,40.5498,34.954,bunick:province
Çorum,ALACA,40.1684,34.8412,bunick:town
Çorum,BAYAT,40.6425,34.2585,bunick:town
Çorum,BOĞAZKALE,40.022,34.608,bunick:town
Çorum,DODURGA,40.8576,34.8107,bunick:town
Çorum,İSKİLİP,40.7286,34.4748,bunick:town
Çorum,KARGI,41.1345,34.4871,bunick:town
Çorum,LAÇİN,40.7717,34.8865,bunick:town
Çorum,MECİTÖZÜ,40.5206,35.2953,bunick:town
Çorum,OĞUZLAR,40.756,34.7036,bunick:town
Çorum,ORTAKÖY,40.2729,35.251,bunick:town
Çorum,OSMANCIK,40.9714,34.8009,bunick:town
Çorum,SUNGURLU,40.1666,34.3754,bunick:town
Çorum,UĞURLUDAĞ,40.4455,34.4516,bunick:town
Denizli,ACIPAYAM,37.4272,29.3494,bunick:town
Denizli,BABADAĞ,37.8078,28.8572,bunick:town
Denizli,BAKLAN,37.9767,29.6068,bunick:town
Denizli,BEKİLLİ,38.2267,29.4218,bunick:town
Denizli,BEYAĞAÇ,37.2356,28.896,bunick:town
Denizli,BOZKURT,37.8237,29.6081,bunick:town
Denizli,BULDAN,38.0466,28.826,bunick:town
Denizli,ÇAL,38.0823,29.3973,bunick:town
Denizli,ÇAMELİ,37.0757,29.344,bunick:town
Denizli,ÇARDAK,37.829,29.662,bunick:town
Denizli,ÇİVRİL,38.3013,29.7387,bunick:town
Denizli,GÜNEY,38.154,29.0642,bunick:town
Denizli,HONAZ,37.755,29.2674,bunick:town
Denizli,KALE,37.4434,28.8451,bunick:town
Denizli,MERKEZEFENDİ,37.7874,29.0371,bunick:town
Denizli,PAMUKKALE,37.7625,29.1033,bunick:town
Denizli,SARAYKÖY,37.9241,28.9254,bunick:town
Denizli,SERİNHİSAR,37.5807,29.2636,bunick:town
Denizli,TAVAS,37.5729,29.0712,bunick:town
Diyarbakır,BAĞLAR,37.9234,40.1935,bunick:town
Diyarbakır,BİSMİL,37.8517,40.6639,bunick:town
Diyarbakır,ÇERMİK,38.1358,39.4501,bunick:town
Diyarbakır,ÇINAR,37.7241,40.4135,bunick:town
Diyarbakır,ÇÜNGÜŞ,38.2123,39.2884,bunick:town
Diyarbakır,DİCLE,38.3678,40.0722,bunick:town
Diyarbakır,EĞİL,38.2575,40.0844,bunick:town
Diyarbakır,ERGANİ,38.2648,39.7592,bunick:town
Diyarbakır,HANİ,38.4095,40.3981,bunick:town
Diyarbakır,HAZRO,38.254,40.7815,bunick:town
Diyarbakır,KAYAPINAR,37.9398,40.1807,bunick:town
Diyarbakır,KOCAKÖY,38.29,40.5028,bunick:town
Diyarbakır,KULP,38.5018,41.0122,bunick:town
Diyarbakır,LİCE,38.4602,40.6476,bunick:town
Diyarbakır,SİLVAN,38.1423,41.0005,bunick:town
Diyarbakır,SUR,37.911,40.2367,bunick:town
Diyarbakır,YENİŞEHİR,37.9409,40.226,bunick:town
Edirne,MERKEZ,41.6771,26.5556,bunick:province
Edirne,ENEZ,40.725,26.0845,bunick:town
Edirne,HAVSA,41.5492,26.8217,bunick:town
Edirne,İPSALA,40.922,26.3841,bunick:town
Edirne,KEŞAN,40.8554,26.6301,bunick:town
Edirne,LALAPAŞA,41.839,26.736,bunick:town
Edirne,MERİÇ,41.1915,26.4201,bunick:town
Edirne,SÜLOĞLU,41.7647,26.9074,bunick:town
Edirne,UZUNKÖPRÜ,41.2669,26.6877,bunick:town
Elazığ,MERKEZ,38.675,39.2125,bunick:province
Elazığ,AĞIN,38.9437,38.7143,bunick:town
Elazığ,ALACAKAYA,38.4527,39.851,bunick:town
Elazığ,ARICAK,38.5643,40.1389,bunick:town
Elazığ,BASKİL,38.5689,38.8248,bunick:town
Elazığ,KARAKOÇAN,38.954,40.0373,bunick:town
Elazığ,KEBAN,38.7943,38.7404,bunick:town
Elazığ,KOVANCILAR,38.7206,39.8723,bunick:town
Elazığ,MADEN,38.3937,39.6736,bunick:town
Elazığ,PALU,38.6946,39.931,bunick:town
Elazığ,SİVRİCE,38.4485,39.3075,bunick:town
Erzincan,MERKEZ,39.7467,39.491,bunick:province
Erzincan,ÇAYIRLI,39.8041,40.0368,bunick:town
Erzincan,İLİÇ,39.4563,38.5645,bunick:town
Erzincan,KEMAH,39.6022,39.0349,bunick:town
Erzincan,KEMALİYE,39.2619,38.4965,bunick:town
Erzincan,OTLUKBELİ,39.974,40.0233,bunick:town
Erzincan,REFAHİYE,39.8996,38.768,bunick:town
Erzincan,TERCAN,39.7765,40.3829,bunick:town
Erzincan,ÜZÜMLÜ,39.7099,39.701,bunick:town
Erzurum,AŞKALE,39.9207,40.6975,bunick:town
Erzurum,AZİZİYE,39.9432,41.112,bunick:town
Erzurum,ÇAT,39.6119,40.9774,bunick:town
Erzurum,HINIS,39.3577,41.7017,bunick:town
Erzurum,HORASAN,40.0427,42.1738,bunick:town
Erzurum,İSPİR,40.4831,40.9998,bunick:town
Erzurum,KARAÇOBAN,39.3468,42.1026,bunick:town
Erzurum,KARAYAZI,39.7027,42.1455,bunick:town
Erzurum,KÖPRÜKÖY,39.902,41.9204,bunick:town
Erzurum,NARMAN,40.3451,41.8711,bunick:town
Erzurum,OLTU,40.5459,41.9961,bunick:town
Erzurum,OLUR,40.8277,42.1285,bunick:town
Erzurum,PALANDÖKEN,39.8887,41.2716,bunick:town
Erzurum,PASİNLER,39.9789,41.6733,bunick:town
Erzurum,PAZARYOLU,40.4173,40.7717,bunick:town
Erzurum,ŞENKAYA,40.5601,42.342,bunick:town
Erzurum,TEKMAN,39.6457,41.505,bunick:town
Erzurum,TORTUM,40.2972,41.5508,bunick:town
Erzurum,UZUNDERE,40.5328,41.548,bunick:town
Erzurum,YAKUTİYE,39.9065,41.2729,bunick:town
Eskişehir,ALPU,39.7657,30.9586,bunick:town
Eskişehir,BEYLİKOVA,39.6872,31.2074,bunick:town
Eskişehir,ÇİFTELER,39.3771,31.0383,bunick:town
Eskişehir,GÜNYÜZÜ,39.3841,31.8093,bunick:town
Eskişehir,HAN,39.1586,30.8619,bunick:town
Eskişehir,İNÖNÜ,39.8164,30.143,bunick:town
Eskişehir,MAHMUDİYE,39.4943,30.9863,bunick:town
Eskişehir,MİHALGAZİ,40.0262,30.577,bunick:town
Eskişehir,MİHALIÇÇIK,39.8661,31.4952,bunick:town
Eskişehir,ODUNPAZARI,39.7665,30.5433,bunick:town
Eskişehir,SARICAKAYA,40.0376,30.6207,bunick:town
Eskişehir,SEYİTGAZİ,39.4437,30.6961,bunick:town
Eskişehir,SİVRİHİSAR,39.4475,31.5362,bunick:town
Eskişehir,TEPEBAŞI,39.7836,30.5013,bunick:town
Gaziantep,ARABAN,37.4252,37.6885,bunick:town
Gaziantep,İSLAHİYE,37.0225,36.6301,bunick:town
Gaziantep,KARKAMIŞ,36.8337,37.9979,bunick:town
Gaziantep,NİZİP,37.0101,37.7971,bunick:town
Gaziantep,NURDAĞI,37.1756,36.7407,bunick:town
Gaziantep,OĞUZELİ,36.9624,37.515,bunick:town
Gaziantep,ŞAHİNBEY,37.0457,37.3697,bunick:town
Gaziantep,ŞEHİTKAMİL,37.0881,37.3912,bunick:town
Gaziantep,YAVUZELİ,37.316,37.5664,bunick:town
Giresun,MERKEZ,40.9166,38.3817,bunick:province
Giresun,ALUCRA,40.3202,38.7641,bunick:town
Giresun,BULANCAK,40.9382,38.2317,bunick:town
Giresun,ÇAMOLUK,40.1344,38.7348,bunick:town
Giresun,ÇANAKÇI,40.9167,39.0095,bunick:town
Giresun,DERELİ,40.7379,38.4507,bunick:town
Giresun,DOĞANKENT,40.81,38.9164,bunick:town
Giresun,ESPİYE,40.9493,38.7064,bunick:town
Giresun,EYNESİL,41.0638,39.1401,bunick:town
Giresun,GÖRELE,41.0316,39.0019,bunick:town
Giresun,GÜCE,40.8931,38.8075,bunick:town
Giresun,KEŞAP,40.9171,38.5129,bunick:town
Giresun,PİRAZİZ,40.9527,38.1247,bunick:town
Giresun,ŞEBİNKARAHİSAR,40.2883,38.4208,bunick:town
Giresun,TİREBOLU,41.0073,38.8138,bunick:town
Giresun,YAĞLIDERE,40.8617,38.6254,bunick:town
Gümüşhane,MERKEZ,40.4582,39.4786,bunick:province
Gümüşhane,KELKİT,40.1294,39.4363,bunick:town
Gümüşhane,KÖSE,40.2115,39.6528,bunick:town
Gümüşhane,KÜRTÜN,40.7019,39.0862,bunick:town
Gümüşhane,ŞİRAN,40.1895,39.1265,bunick:town
Gümüşhane,TORUL,40.5566,39.2927,bunick:town
Hakkari,MERKEZ,37.5693,43.74,bunick:province
Hakkari,ÇUKURCA,37.2468,43.611,bunick:town
Hakkari,DERECİK,37.0817,44.3113,bunick:town
Hakkari,ŞEMDİNLİ,37.3042,44.5746,bunick:town
Hakkari,YÜKSEKOVA,37.573,44.2807,bunick:town
Hatay,ALTINÖZÜ,36.1156,36.248,bunick:town
Hatay,ANTAKYA,36.2025,36.1602,bunick:town
Hatay,ARSUZ,36.4163,35.8973,bunick:town
Hatay,BELEN,36.4914,36.1955,bunick:town
Hatay,DEFNE,36.1953,36.1477,bunick:town
Hatay,DÖRTYOL,36.84,36.2218,bunick:town
Hatay,ERZİN,36.9524,36.1979,bunick:town
Hatay,HASSA,36.7986,36.522,bunick:town
Hatay,İSKENDERUN,36.5846,36.1756,bunick:town
Hatay,KIRIKHAN,36.4982,36.3622,bunick:town
Hatay,KUMLU,36.3647,36.4541,bunick:town
Hatay,PAYAS,36.7612,36.2272,bunick:town
Hatay,REYHANLI,36.2685,36.5674,bunick:town
Hatay,SAMANDAĞ,36.0837,35.977,bunick:town
Hatay,YAYLADAĞI,35.9025,36.0638,bunick:town
Isparta,MERKEZ,37.7635,30.5551,bunick:province
Isparta,AKSU,37.799,31.0711,bunick:town
Isparta,ATABEY,37.9509,30.6374,bunick:town
Isparta,EĞİRDİR,37.8739,30.8482,bunick:town
Isparta,GELENDOST,38.1212,31.015,bunick:town
Isparta,GÖNEN,37.9548,30.5146,bunick:town
Isparta,KEÇİBORLU,37.9463,30.297,bunick:town
Isparta,SENİRKENT,38.1084,30.5505,bunick:town
Isparta,SÜTÇÜLER,37.4955,30.9811,bunick:town
Isparta,ŞARKİKARAAĞAÇ,38.0792,31.3583,bunick:town
Isparta,ULUBORLU,38.0782,30.4485,bunick:town
Isparta,YALVAÇ,38.2972,31.1788,bunick:town
Isparta,YENİŞARBADEMLİ,37.7097,31.3896,bunick:town
Mersin,AKDENİZ,36.8226,34.655,bunick:town
Mersin,ANAMUR,36.0702,32.8667,bunick:town
Mersin,AYDINCIK,36.1525,33.3383,bunick:town
Mersin,BOZYAZI,36.1017,32.9757,bunick:town
Mersin,ÇAMLIYAYLA,37.1669,34.5934,bunick:town
Mersin,ERDEMLİ,36.6058,34.3101,bunick:town
Mersin,GÜLNAR,36.3381,33.4015,bunick:town
Mersin,MEZİTLİ,36.7459,34.5235,bunick:town
Mersin,MUT,36.6453,33.437,bunick:town
Mersin,SİLİFKE,36.3763,33.9255,bunick:town
Mersin,TARSUS,36.9166,34.8956,bunick:town
Mersin,TOROSLAR,36.829,34.61,bunick:town
Mersin,YENİŞEHİR,36.7858,34.5651,bunick:town
İstanbul,ADALAR,40.8733,29.1274,bunick:town
İstanbul,ARNAVUTKÖY,41.1831,28.7397,bunick:town
İstanbul,ATAŞEHİR,40.9974,29.0988,bunick:town
İstanbul,AVCILAR,40.9796,28.7218,bunick:town
İstanbul,BAĞCILAR,41.0344,28.8565,bunick:town
İstanbul,BAHÇELİEVLER,40.9984,28.8583,bunick:town
İstanbul,BAKIRKÖY,40.981,28.8741,bunick:town
İstanbul,BAŞAKŞEHİR,41.1179,28.8073,bunick:town
İstanbul,BAYRAMPAŞA,41.0354,28.9109,bunick:town
İstanbul,BEŞİKTAŞ,41.0432,29.0063,bunick:town
İstanbul,BEYKOZ,41.1262,29.0978,bunick:town
İstanbul,BEYLİKDÜZÜ,40.9996,28.6451,bunick:town
İstanbul,BEYOĞLU,41.0369,28.9851,bunick:town
İstanbul,BÜYÜKÇEKMECE,41.017,28.5888,bunick:town
İstanbul,ÇATALCA,41.1437,28.4608,bunick:town
İstanbul,ÇEKMEKÖY,41.0157,29.1906,bunick:town
İstanbul,ESENLER,41.038,28.8821,bunick:town
İstanbul,ESENYURT,41.0349,28.6794,bunick:town
İstanbul,EYÜPSULTAN,41.0477,28.934,bunick:town
İstanbul,FATİH,41.0204,28.9491,bunick:town
İstanbul,GAZİOSMANPAŞA,41.057,28.9155,bunick:town
İstanbul,GÜNGÖREN,41.0157,28.8773,bunick:town
İstanbul,KADIKÖY,40.9904,29.0291,bunick:town
İstanbul,KAĞITHANE,41.0855,28.9816,bunick:town
İstanbul,KARTAL,40.8877,29.1862,bunick:town
İstanbul,KÜÇÜKÇEKMECE,41.0063,28.797,bunick:town
İstanbul,MALTEPE,40.9246,29.131,bunick:town
İstanbul,PENDİK,40.876,29.2343,bunick:town
İstanbul,SANCAKTEPE,40.9904,29.2288,bunick:town
İstanbul,SARIYER,41.1667,29.0573,bunick:town
İstanbul,SİLİVRİ,41.0725,28.2556,bunick:town
İstanbul,SULTANBEYLİ,40.969,29.2552,bunick:town
İstanbul,SULTANGAZİ,41.094,28.9033,bunick:town
İstanbul,ŞİLE,41.1775,29.6128,bunick:town
İstanbul,ŞİŞLİ,41.0611,28.9876,bunick:town
İstanbul,TUZLA,40.8125,29.3085,bunick:town
İstanbul,ÜMRANİYE,41.0258,29.097,bunick:town
İstanbul,ÜSKÜDAR,41.0261,29.0138,bunick:town
İstanbul,ZEYTİNBURNU,40.9945,28.911,bunick:town
İzmir,ALİAĞA,38.8011,26.9728,bunick:town
İzmir,BALÇOVA,38.3944,27.0464,bunick:town
İzmir,BAYINDIR,38.2223,27.6493,bunick:town
İzmir,BAYRAKLI,38.4653,27.1681,bunick:town
İzmir,BERGAMA,39.1189,27.1773,bunick:town
İzmir,BEYDAĞ,38.0865,28.2102,bunick:town
İzmir,BORNOVA,38.4667,27.2198,bunick:town
İzmir,BUCA,38.388,27.1742,bunick:town
İzmir,ÇEŞME,38.3229,26.3024,bunick:town
İzmir,ÇİĞLİ,38.4903,27.0677,bunick:town
İzmir,DİKİLİ,39.0749,26.8892,bunick:town
İzmir,FOÇA,38.6687,26.7548,bunick:town
İzmir,GAZİEMİR,38.3229,27.1306,bunick:town
İzmir,GÜZELBAHÇE,38.3773,26.8838,bunick:town
İzmir,KARABAĞLAR,38.3827,27.1203,bunick:town
İzmir,KARABURUN,38.6472,26.5154,bunick:town
İzmir,KARŞIYAKA,38.463,27.1083,bunick:town
İzmir,KEMALPAŞA,38.4275,27.4164,bunick:town
İzmir,KINIK,39.0887,27.3849,bunick:town
İzmir,KİRAZ,38.2316,28.2059,bunick:town
İzmir,KONAK,38.4235,27.1422,bunick:town
İzmir,MENDERES,38.2515,27.1329,bunick:town
İzmir,MENEMEN,38.609,27.0717,bunick:town
İzmir,NARLIDERE,38.3959,26.9968,bunick:town
İzmir,ÖDEMİŞ,38.2281,27.9747,bunick:town
İzmir,SEFERİHİSAR,38.1949,26.8342,bunick:town
İzmir,SELÇUK,37.9479,27.3685,bunick:town
İzmir,TİRE,38.0894,27.7324,bunick:town
İzmir,TORBALI,38.1553,27.3612,bunick:town
İzmir,URLA,38.3235,26.7647,bunick:town
Kars,MERKEZ,40.601,43.1001,bunick:province
Kars,AKYAKA,40.7425,43.6239,bunick:town
Kars,ARPAÇAY,40.8483,43.3313,bunick:town
Kars,DİGOR,40.378,43.4152,bunick:town
Kars,KAĞIZMAN,40.1407,43.1205,bunick:town
Kars,SARIKAMIŞ,40.3337,42.5895,bunick:town
Kars,SELİM,40.4641,42.7906,bunick:town
Kars,SUSUZ,40.7801,43.1278,bunick:town
Kastamonu,MERKEZ,41.3764,33.7773,bunick:province
Kastamonu,ABANA,41.9787,34.0078,bunick:town
Kastamonu,AĞLI,41.6869,33.5539,bunick:town
Kastamonu,ARAÇ,41.2451,33.3292,bunick:town
Kastamonu,PINARBAŞI,41.6038,33.1109,bunick:town
Kayseri,AKKIŞLA,39.0017,36.1719,bunick:town
Kayseri,HACILAR,38.6438,35.4512,bunick:town
Kayseri,PINARBAŞI,38.7249,36.3941,bunick:town
Kayseri,SARIOĞLAN,39.0732,35.9643,bunick:town
Kayseri,YAHYALI,38.1085,35.3606,bunick:town
Kırşehir,AKPINAR,39.4512,33.9633,bunick:town
Kırşehir,ÇİÇEKDAĞI,39.6035,34.4168,bunick:town
Kocaeli,BAŞİSKELE,40.7168,29.9206,bunick:town
Kocaeli,ÇAYIROVA,40.8305,29.3801,bunick:town
Kocaeli,DERİNCE,40.7576,29.8307,bunick:town
Kocaeli,DİLOVASI,40.7854,29.5416,bunick:town
Kocaeli,GEBZE,40.7992,29.4322,bunick:town
Kocaeli,GÖLCÜK,40.664,29.792,bunick:town
Kocaeli,İZMİT,40.7663,29.9411,bunick:town
Kocaeli,KANDIRA,41.0694,30.1527,bunick:town
Kocaeli,KARAMÜRSEL,40.6917,29.6168,bunick:town
Kocaeli,KARTEPE,40.7433,30.0219,bunick:town
Kocaeli,KÖRFEZ,40.7685,29.7683,bunick:town
Konya,AHIRLI,37.2389,32.1204,bunick:town
Konya,AKÖREN,37.4512,32.37,bunick:town
Konya,AKŞEHİR,38.359,31.4115,bunick:town
Konya,ALTINEKİN,38.3081,32.8687,bunick:town
Konya,BEYŞEHİR,37.6795,31.7277,bunick:town
Konya,BOZKIR,37.1888,32.2455,bunick:town
Konya,CİHANBEYLİ,38.6559,32.9228,bunick:town
Konya,ÇELTİK,39.0237,31.7905,bunick:town
Konya,ÇUMRA,37.5732,32.7803,bunick:town
Konya,DERBENT,38.0156,32.0186,bunick:town
Konya,DEREBUCAK,37.3913,31.5106,bunick:town
Konya,DOĞANHİSAR,38.145,31.6775,bunick:town
Konya,EMİRGAZİ,37.9037,33.8354,bunick:town
Konya,EREĞLİ,37.5174,34.0462,bunick:town
Konya,GÜNEYSINIR,37.2979,32.7177,bunick:town
Konya,HADİM,36.9862,32.4558,bunick:town
Konya,HALKAPINAR,37.4337,34.1867,bunick:town
Konya,HÜYÜK,37.9519,31.5982,bunick:town
Konya,ILGIN,38.2802,31.9148,bunick:town
Konya,KADINHANI,38.2393,32.2131,bunick:town
Konya,KARAPINAR,37.7159,33.5506,bunick:town
Konya,KARATAY,37.87,32.526,bunick:town
Konya,KULU,39.0904,33.0802,bunick:town
Konya,MERAM,37.8606,32.4735,bunick:town
Konya,SARAYÖNÜ,38.2642,32.4069,bunick:town
Konya,SELÇUKLU,37.8923,32.477,bunick:town
Konya,SEYDİŞEHİR,37.4187,31.8525,bunick:town
Konya,TAŞKENT,36.9236,32.4929,bunick:town
Konya,TUZLUKÇU,38.4746,31.6289,bunick:town
Konya,YALIHÜYÜK,37.3005,32.0854,bunick:town
Konya,YUNAK,38.8144,31.7348,bunick:town
Kütahya,MERKEZ,39.4192,29.9852,bunick:province
Kütahya,ALTINTAŞ,39.0595,30.1093,bunick:town
Kütahya,ASLANAPA,39.2147,29.8703,bunick:town
Kütahya,ÇAVDARHİSAR,39.2003,29.6126,bunick:town
Kütahya,DOMANİÇ,39.8023,29.6127,bunick:town
Kütahya,DUMLUPINAR,38.8524,29.9802,bunick:town
Kütahya,EMET,39.3402,29.2573,bunick:town
Kütahya,GEDİZ,38.9904,29.3926,bunick:town
Kütahya,HİSARCIK,39.2504,29.2308,bunick:town
Kütahya,PAZARLAR,38.9945,29.1231,bunick:town
Kütahya,SİMAV,39.0888,28.9772,bunick:town
Kütahya,ŞAPHANE,39.0248,29.2197,bunick:town
Kütahya,TAVŞANLI,39.5468,29.4873,bunick:town
Malatya,AKÇADAĞ,38.3443,37.9684,bunick:town
Malatya,ARAPGİR,39.0387,38.4888,bunick:town
Malatya,ARGUVAN,38.7828,38.2642,bunick:town
Malatya,BATTALGAZİ,38.3553,38.3335,bunick:town
Malatya,DARENDE,38.5465,37.5117,bunick:town
Malatya,DOĞANŞEHİR,38.0948,37.8791,bunick:town
Malatya,DOĞANYOL,38.3101,39.0361,bunick:town
Malatya,HEKİMHAN,38.8158,37.9312,bunick:town
Malatya,KALE,38.4013,38.7462,bunick:town
Malatya,KULUNCAK,38.8847,37.6703,bunick:town
Malatya,PÜTÜRGE,38.1966,38.869,bunick:town
Malatya,YAZIHAN,38.5956,38.18,bunick:town
Malatya,YEŞİLYURT,38.3475,38.286,bunick:town
Manisa,AHMETLİ,38.5137,27.9379,bunick:town
Manisa,AKHİSAR,38.9254,27.8345,bunick:town
Manisa,ALAŞEHİR,38.3546,28.5164,bunick:town
Manisa,DEMİRCİ,39.0474,28.6584,bunick:town
Manisa,GÖLMARMARA,38.7135,27.9183,bunick:town
Manisa,GÖRDES,38.9352,28.2896,bunick:town
Manisa,KIRKAĞAÇ,39.1152,27.686,bunick:town
Manisa,KÖPRÜBAŞI,38.7474,28.4031,bunick:town
Manisa,KULA,38.5403,28.6415,bunick:town
Manisa,SALİHLİ,38.4861,28.139,bunick:town
Manisa,SARIGÖL,38.2367,28.6992,bunick:town
Manisa,SARUHANLI,38.733,27.5591,bunick:town
Manisa,SELENDİ,38.7434,28.8702,bunick:town
Manisa,SOMA,39.1852,27.6088,bunick:town
Manisa,ŞEHZADELER,38.6153,27.4305,bunick:town
Manisa,TURGUTLU,38.4987,27.6995,bunick:town
Manisa,YUNUSEMRE,38.6172,27.4027,bunick:town
Kahramanmaraş,AFŞİN,38.2437,36.9153,bunick:town
Kahramanmaraş,ANDIRIN,37.5733,36.3536,bunick:town
Kahramanmaraş,ÇAĞLAYANCERİT,37.7494,37.2924,bunick:town
Kahramanmaraş,DULKADİROĞLU,37.5817,36.9457,bunick:town
Kahramanmaraş,EKİNÖZÜ,38.0592,37.1887,bunick:town
Kahramanmaraş,ELBİSTAN,38.2057,37.1876,bunick:town
Kahramanmaraş,GÖKSUN,38.0224,36.5042,bunick:town
Kahramanmaraş,NURHAK,37.9657,37.4462,bunick:town
Kahramanmaraş,ONİKİŞUBAT,37.5865,36.8978,bunick:town
Kahramanmaraş,PAZARCIK,37.4886,37.2918,bunick:town
Kahramanmaraş,TÜRKOĞLU,37.3846,36.8462,bunick:town
Mardin,ARTUKLU,37.3225,40.7216,bunick:town
Mardin,DARGEÇİT,37.545,41.7222,bunick:town
Mardin,DERİK,37.3668,40.2686,bunick:town
Mardin,KIZILTEPE,37.1875,40.5841,bunick:town
Mardin,MAZIDAĞI,37.4776,40.4865,bunick:town
Mardin,MİDYAT,37.4198,41.3526,bunick:town
Mardin,NUSAYBİN,37.0776,41.2152,bunick:town
Mardin,ÖMERLİ,37.4028,40.9544,bunick:town
Mardin,SAVUR,37.536,40.888,bunick:town
Mardin,YEŞİLLİ,37.3389,40.8201,bunick:town
Muğla,BODRUM,37.0345,27.43,bunick:town
Muğla,DALAMAN,36.7659,28.8066,bunick:town
Muğla,DATÇA,36.7263,27.6875,bunick:town
Muğla,FETHİYE,36.6235,29.1126,bunick:town
Muğla,KAVAKLIDERE,37.4461,28.363,bunick:town
Muğla,KÖYCEĞİZ,36.9565,28.6893,bunick:town
Muğla,MARMARİS,36.853,28.2706,bunick:town
Muğla,MENTEŞE,37.2167,28.3649,bunick:town
Muğla,MİLAS,37.3139,27.7837,bunick:town
Muğla,ORTACA,36.844,28.7692,bunick:town
Muğla,SEYDİKEMER,36.6474,29.3624,bunick:town
Muğla,ULA,37.1014,28.4183,bunick:town
Muğla,YATAĞAN,37.3416,28.1453,bunick:town
Muş,MERKEZ,38.7376,41.495,bunick:province
Muş,BULANIK,39.0981,42.2716,bunick:town
Muş,HASKÖY,38.6817,41.6872,bunick:town
Muş,KORKUT,38.7421,41.7854,bunick:town
Muş,MALAZGİRT,39.1461,42.541,bunick:town
Muş,VARTO,39.1685,41.4547,bunick:town
Nevşehir,MERKEZ,38.6267,34.7199,bunick:province
Nevşehir,ACIGÖL,38.55,34.509,bunick:town
Nevşehir,AVANOS,38.7192,34.8472,bunick:town
Nevşehir,DERİNKUYU,38.3687,34.736,bunick:town
Nevşehir,GÜLŞEHİR,38.7404,34.6161,bunick:town
Nevşehir,HACIBEKTAŞ,38.9443,34.5635,bunick:town
Nevşehir,KOZAKLI,39.2096,34.8509,bunick:town
Nevşehir,ÜRGÜP,38.6331,34.9121,bunick:town
Niğde,MERKEZ,37.9694,34.6757,bunick:province
Niğde,ALTUNHİSAR,37.9958,34.3682,bunick:town
Niğde,BOR,37.8939,34.5634,bunick:town
Niğde,ÇAMARDI,37.8366,34.9899,bunick:town
Niğde,ÇİFTLİK,38.1749,34.4847,bunick:town
Niğde,ULUKIŞLA,37.5477,34.4848,bunick:town
Ordu,AKKUŞ,40.7918,37.0177,bunick:town
Ordu,ALTINORDU,40.9786,37.8964,bunick:town
Ordu,AYBASTI,40.6845,37.3999,bunick:town
Ordu,ÇAMAŞ,40.9031,37.5273,bunick:town
Ordu,ÇATALPINAR,40.8787,37.4535,bunick:town
Ordu,ÇAYBAŞI,41.0174,37.0991,bunick:town
Ordu,FATSA,41.0313,37.5009,bunick:town
Ordu,GÖLKÖY,40.6871,37.6183,bunick:town
Ordu,GÜLYALI,40.9664,38.0611,bunick:town
Ordu,GÜRGENTEPE,40.7893,37.6005,bunick:town
Ordu,İKİZCE,41.0532,37.0777,bunick:town
Ordu,KABADÜZ,40.8594,37.8903,bunick:town
Ordu,KABATAŞ,40.7512,37.4507,bunick:town
Ordu,KORGAN,40.8291,37.3444,bunick:town
Ordu,KUMRU,40.8736,37.2644,bunick:town
Ordu,MESUDİYE,40.4624,37.7731,bunick:town
Ordu,PERŞEMBE,41.0669,37.7737,bunick:town
Ordu,ULUBEY,40.873,37.7586,bunick:town
Ordu,ÜNYE,41.1315,37.2866,bunick:town
Rize,MERKEZ,41.0258,40.5166,bunick:province
Rize,ARDEŞEN,41.1945,40.9833,bunick:town
Rize,ÇAMLIHEMŞİN,41.049,41.0036,bunick:town
Rize,ÇAYELİ,41.0867,40.7227,bunick:town
Rize,DEREPAZARI,41.0247,40.4215,bunick:town
Rize,FINDIKLI,41.2729,41.1427,bunick:town
Rize,GÜNEYSU,40.9772,40.6132,bunick:town
Rize,HEMŞİN,41.0481,40.899,bunick:town
Rize,İKİZDERE,40.7788,40.5597,bunick:town
Rize,İYİDERE,41.0158,40.3665,bunick:town
Rize,KALKANDERE,40.9287,40.4424,bunick:town
Rize,PAZAR,41.1802,40.8844,bunick:town
Sakarya,ADAPAZARI,40.7786,30.3989,bunick:town
Sakarya,AKYAZI,40.6834,30.6249,bunick:town
Sakarya,ARİFİYE,40.7148,30.3619,bunick:town
Sakarya,ERENLER,40.7585,30.4039,bunick:town
Sakarya,FERİZLİ,40.9391,30.4868,bunick:town
Sakarya,GEYVE,40.5086,30.2903,bunick:town
Sakarya,HENDEK,40.7967,30.7458,bunick:town
Sakarya,KARAPÜRÇEK,40.6419,30.5377,bunick:town
Sakarya,KARASU,41.11,30.6927,bunick:town
Sakarya,KAYNARCA,41.0339,30.3055,bunick:town
Sakarya,KOCAALİ,41.0542,30.8506,bunick:town
Sakarya,PAMUKOVA,40.5071,30.1685,bunick:town
Sakarya,SAPANCA,40.6973,30.2694,bunick:town
Sakarya,SERDİVAN,40.7724,30.3631,bunick:town
Sakarya,SÖĞÜTLÜ,40.9056,30.474,bunick:town
Sakarya,TARAKLI,40.3973,30.4931,bunick:town
Samsun,ALAÇAM,41.6118,35.604,bunick:town
Samsun,ASARCIK,41.0363,36.2345,bunick:town
Samsun,ATAKUM,41.3223,36.287,bunick:town
Samsun,AYVACIK,40.9897,36.6327,bunick:town
Samsun,BAFRA,41.56,35.9066,bunick:town
Samsun,CANİK,41.2684,36.3594,bunick:town
Samsun,ÇARŞAMBA,41.1983,36.7232,bunick:town
Samsun,HAVZA,40.9684,35.6652,bunick:town
Samsun,İLKADIM,41.2786,36.3281,bunick:town
Samsun,KAVAK,41.0701,36.029,bunick:town
Samsun,LADİK,40.912,35.8947,bunick:town
Samsun,19 MAYIS,41.4624,36.046,bunick:town
Samsun,SALIPAZARI,41.0817,36.8253,bunick:town
Samsun,TEKKEKÖY,41.2201,36.4525,bunick:town
Samsun,TERME,41.2092,36.972,bunick:town
Samsun,VEZİRKÖPRÜ,41.1434,35.4605,bunick:town
Samsun,YAKAKENT,41.6313,35.5302,bunick:town
Siirt,MERKEZ,37.9257,41.9419,bunick:province
Siirt,BAYKAN,38.1628,41.7841,bunick:town
Siirt,ERUH,37.7491,42.1844,bunick:town
Siirt,KURTALAN,37.9258,41.6998,bunick:town
Siirt,PERVARİ,37.9324,42.5481,bunick:town
Siirt,ŞİRVAN,38.0624,42.0304,bunick:town
Siirt,TİLLO,37.95,42.0116,bunick:town
Sinop,MERKEZ,42.0265,35.1511,bunick:province
Sinop,AYANCIK,41.9396,34.5878,bunick:town
Sinop,BOYABAT,41.4635,34.7775,bunick:town
Sinop,DİKMEN,41.6515,35.264,bunick:town
Sinop,DURAĞAN,41.42,35.0559,bunick:town
Sinop,ERFELEK,41.8798,34.9069,bunick:town
Sinop,GERZE,41.8039,35.1948,bunick:town
Sinop,SARAYDÜZÜ,41.3286,34.8473,bunick:town
Sinop,TÜRKELİ,41.9482,34.3394,bunick:town
Sivas,MERKEZ,39.7504,37.015,bunick:province
Sivas,AKINCILAR,40.0816,38.3474,bunick:town
Sivas,ALTINYAYLA,39.2729,36.7476,bunick:town
Sivas,DİVRİĞİ,39.3679,38.1136,bunick:town
Sivas,DOĞANŞAR,40.2145,37.5332,bunick:town
Sivas,GEMEREK,39.1848,36.0717,bunick:town
Sivas,GÖLOVA,40.0613,38.6084,bunick:town
Sivas,GÜRÜN,38.7217,37.2782,bunick:town
Sivas,HAFİK,39.8546,37.3889,bunick:town
Sivas,İMRANLI,39.8738,38.1118,bunick:town
Sivas,KANGAL,39.2356,37.3909,bunick:town
Sivas,KOYULHİSAR,40.3011,37.8323,bunick:town
Sivas,SUŞEHRİ,40.1749,38.0849,bunick:town
Sivas,ŞARKIŞLA,39.3501,36.4097,bunick:town
Sivas,ULAŞ,39.4431,37.0414,bunick:town
Sivas,YILDIZELİ,39.8718,36.5997,bunick:town
Sivas,ZARA,39.8971,37.759,bunick:town
Tekirdağ,ÇERKEZKÖY,41.2863,27.9996,bunick:town
Tekirdağ,ÇORLU,41.1606,27.8009,bunick:town
Tekirdağ,ERGENE,41.2391,27.7112,bunick:town
Tekirdağ,HAYRABOLU,41.2136,27.1068,bunick:town
Tekirdağ,KAPAKLI,41.3307,27.9868,bunick:town
Tekirdağ,MALKARA,40.8937,26.9039,bunick:town
Tekirdağ,MARMARAEREĞLİSİ,40.9693,27.9549,bunick:town
Tekirdağ,MURATLI,41.1726,27.4963,bunick:town
Tekirdağ,SARAY,41.4405,27.921,bunick:town
Tekirdağ,SÜLEYMANPAŞA,40.9768,27.5161,bunick:town
Tekirdağ,ŞARKÖY,40.6102,27.1123,bunick:town
Tokat,MERKEZ,40.3139,36.5517,bunick:province
Tokat,ALMUS,40.3758,36.9033,bunick:town
Tokat,ARTOVA,40.1164,36.3004,bunick:town
Tokat,BAŞÇİFTLİK,40.547,37.1684,bunick:town
Tokat,ERBAA,40.6723,36.5679,bunick:town
Tokat,NİKSAR,40.5901,36.9512,bunick:town
Tokat,PAZAR,40.2763,36.2833,bunick:town
Tokat,REŞADİYE,40.3929,37.3387,bunick:town
Tokat,SULUSARAY,39.9976,36.0838,bunick:town
Tokat,TURHAL,40.3878,36.0834,bunick:town
Tokat,YEŞİLYURT,40.0073,36.2184,bunick:town
Tokat,ZİLE,40.3025,35.8867,bunick:town
Trabzon,AKÇAABAT,41.0158,39.5941,bunick:town
Trabzon,ARAKLI,40.9387,40.0541,bunick:town
Trabzon,ARSİN,40.9534,39.9355,bunick:town
Trabzon,BEŞİKDÜZÜ,41.0544,39.2282,bunick:town
Trabzon,ÇARŞIBAŞI,41.084,39.3794,bunick:town
Trabzon,ÇAYKARA,40.7461,40.2423,bunick:town
Trabzon,DERNEKPAZARI,40.7989,40.2478,bunick:town
Trabzon,DÜZKÖY,40.874,39.4252,bunick:town
Trabzon,HAYRAT,40.8894,40.3682,bunick:town
Trabzon,KÖPRÜBAŞI,40.8085,40.1234,bunick:town
Trabzon,MAÇKA,40.814,39.6108,bunick:town
Trabzon,OF,40.9491,40.2702,bunick:town
Trabzon,ORTAHİSAR,41.0034,39.7241,bunick:town
Trabzon,SÜRMENE,40.9125,40.1147,bunick:town
Trabzon,ŞALPAZARI,40.9414,39.1928,bunick:town
Trabzon,TONYA,40.8865,39.2908,bunick:town
Trabzon,VAKFIKEBİR,41.0484,39.2786,bunick:town
Trabzon,YOMRA,40.9587,39.8509,bunick:town
Tunceli,MERKEZ,39.1065,39.5476,bunick:province
Tunceli,ÇEMİŞGEZEK,39.0609,38.912,bunick:town
Tunceli,HOZAT,39.1076,39.2193,bunick:town
Tunceli,MAZGİRT,39.0203,39.6041,bunick:town
Tunceli,NAZIMİYE,39.1804,39.8286,bunick:town
Tunceli,OVACIK,39.3577,39.2163,bunick:town
Tunceli,PERTEK,38.8677,39.3245,bunick:town
Tunceli,PÜLÜMÜR,39.4856,39.8978,bunick:town
Şanlıurfa,AKÇAKALE,36.7137,38.9484,bunick:town
Şanlıurfa,BİRECİK,37.0238,37.9903,bunick:town
Şanlıurfa,BOZOVA,37.3621,38.5229,bunick:town
Şanlıurfa,CEYLANPINAR,36.8474,40.0489,bunick:town
Şanlıurfa,EYYÜBİYE,37.1483,38.783,bunick:town
Şanlıurfa,HALFETİ,37.2436,37.8695,bunick:town
Şanlıurfa,HALİLİYE,37.1674,38.7954,bunick:town
Şanlıurfa,HARRAN,36.8588,39.0333,bunick:town
Şanlıurfa,HİLVAN,37.5878,38.9543,bunick:town
Şanlıurfa,KARAKÖPRÜ,37.2158,38.7969,bunick:town
Şanlıurfa,SİVEREK,37.7551,39.3165,bunick:town
Şanlıurfa,SURUÇ,36.9737,38.4229,bunick:town
Şanlıurfa,VİRANŞEHİR,37.2275,39.7613,bunick:town
Uşak,MERKEZ,38.6739,29.4055,bunick:province
Uşak,BANAZ,38.7399,29.7531,bunick:town
Uşak,EŞME,38.3983,28.9689,bunick:town
Uşak,KARAHALLI,38.3189,29.5295,bunick:town
Uşak,SİVASLI,38.5001,29.6839,bunick:town
Uşak,ULUBEY,38.4169,29.291,bunick:town
Van,BAHÇESARAY,38.1235,42.8072,bunick:town
Van,BAŞKALE,38.0433,44.0185,bunick:town
Van,ÇALDIRAN,39.1373,43.9131,bunick:town
Van,ÇATAK,38.0069,43.0591,bunick:town
Van,EDREMİT,38.4142,43.2623,bunick:town
Van,ERCİŞ,39.0289,43.3591,bunick:town
Van,GEVAŞ,38.2953,43.1105,bunick:town
Van,GÜRPINAR,38.3226,43.4092,bunick:town
Van,İPEKYOLU,38.4959,43.3934,bunick:town
Van,MURADİYE,38.9902,43.7611,bunick:town
Van,ÖZALP,38.658,43.9899,bunick:town
Van,SARAY,38.6486,44.1697,bunick:town
Van,TUŞBA,38.5252,43.3542,bunick:town
Yozgat,MERKEZ,39.8224,34.8082,bunick:province
Yozgat,AKDAĞMADENİ,39.6598,35.8825,bunick:town
Yozgat,AYDINCIK,40.129,35.2858,bunick:town
Yozgat,BOĞAZLIYAN,39.1928,35.2461,bunick:town
Yozgat,ÇANDIR,39.2435,35.5145,bunick:town
Yozgat,ÇAYIRALAN,39.3049,35.6445,bunick:town
Yozgat,ÇEKEREK,40.0693,35.4948,bunick:town
Yozgat,KADIŞEHRİ,39.995,35.7905,bunick:town
Yozgat,SARAYKENT,39.6905,35.5112,bunick:town
Yozgat,SARIKAYA,39.4936,35.3754,bunick:town
Yozgat,SORGUN,39.8095,35.1854,bunick:town
Yozgat,ŞEFAATLİ,39.5002,34.7591,bunick:town
Yozgat,YENİFAKILI,39.211,35.0019,bunick:town
Yozgat,YERKÖY,39.6419,34.4697,bunick:town
Zonguldak,MERKEZ,41.4523,31.7878,bunick:province
Zonguldak,ALAPLI,41.1803,31.386,bunick:town
Zonguldak,ÇAYCUMA,41.4235,32.0817,bunick:town
Zonguldak,DEVREK,41.219,31.956,bunick:town
Zonguldak,EREĞLİ,41.2842,31.4133,bunick:town
Zonguldak,GÖKÇEBEY,41.3061,32.1433,bunick:town
Zonguldak,KİLİMLİ,41.4915,31.8394,bunick:town
Zonguldak,KOZLU,41.4352,31.7445,bunick:town
Aksaray,MERKEZ,38.3708,34.0272,bunick:province
Aksaray,AĞAÇÖREN,38.8699,33.9176,bunick:town
Aksaray,ESKİL,38.4015,33.4129,bunick:town
Aksaray,GÜLAĞAÇ,38.3937,34.3468,bunick:town
Aksaray,GÜZELYURT,38.2744,34.3712,bunick:town
Aksaray,ORTAKÖY,38.7366,34.0392,bunick:town
Aksaray,SARIYAHŞİ,38.9803,33.8431,bunick:town
Aksaray,SULTANHANI,38.2474,33.5489,bunick:town
Bayburt,MERKEZ,40.2605,40.2272,bunick:province
Bayburt,AYDINTEPE,40.3889,40.1473,bunick:town
Bayburt,DEMİRÖZÜ,40.1638,39.8919,bunick:town
Karaman,MERKEZ,37.1811,33.2222,bunick:province
Karaman,AYRANCI,37.3618,33.6893,bunick:town
Karaman,BAŞYAYLA,36.7527,32.6822,bunick:town
Karaman,ERMENEK,36.6388,32.8901,bunick:town
Karaman,KAZIMKARABEKİR,37.2273,32.959,bunick:town
Karaman,SARIVELİLER,36.6968,32.6154,bunick:town
Kırıkkale,MERKEZ,39.8393,33.5061,bunick:province
Kırıkkale,BAHŞILI,39.8133,33.4718,bunick:town
Kırıkkale,BALIŞEYH,39.9102,33.7211,bunick:town
Kırıkkale,ÇELEBİ,39.4646,33.5255,bunick:town
Kırıkkale,DELİCE,39.9435,34.0326,bunick:town
Kırıkkale,KARAKEÇİLİ,39.5932,33.3781,bunick:town
Kırıkkale,KESKİN,39.6731,33.6136,bunick:town
Kırıkkale,SULAKYURT,40.1576,33.7172,bunick:town
Kırıkkale,YAHŞİHAN,39.8518,33.4528,bunick:town
Batman,MERKEZ,37.8795,41.1241,bunick:province
Batman,BEŞİRİ,37.9172,41.2919,bunick:town
Batman,GERCÜŞ,37.5665,41.3852,bunick:town
Batman,HASANKEYF,37.7308,41.418,bunick:town
Batman,KOZLUK,38.1927,41.4899,bunick:town
Batman,SASON,38.3339,41.4146,bunick:town
Şırnak,MERKEZ,37.5179,42.4634,bunick:province
Şırnak,BEYTÜŞŞEBAP,37.5704,43.1665,bunick:town
Şırnak,CİZRE,37.3324,42.1855,bunick:town
Şırnak,GÜÇLÜKONAK,37.4715,41.9159,bunick:town
Şırnak,İDİL,37.3428,41.8878,bunick:town
Şırnak,SİLOPİ,37.247,42.4688,bunick:town
Şırnak,ULUDERE,37.4468,42.8473,bunick:town
Bartın,MERKEZ,41.6322,32.3364,bunick:province
Bartın,AMASRA,41.747,32.3855,bunick:town
Bartın,KURUCAŞİLE,41.8438,32.7205,bunick:town
Bartın,ULUS,41.583,32.6391,bunick:town
Ardahan,MERKEZ,41.1129,42.7023,bunick:province
Ardahan,ÇILDIR,41.1288,43.1326,bunick:town
Ardahan,DAMAL,41.3416,42.8407,bunick:town
Ardahan,GÖLE,40.7933,42.6095,bunick:town
Ardahan,HANAK,41.2333,42.8477,bunick:town
Ardahan,POSOF,41.5096,42.7276,bunick:town
Iğdır,MERKEZ,39.92,44.0436,bunick:province
Iğdır,ARALIK,39.8736,44.516,bunick:town
Iğdır,KARAKOYUNLU,39.9717,44.1724,bunick:town
Iğdır,TUZLUCA,40.04,43.6631,bunick:town
Yalova,MERKEZ,40.6566,29.2837,bunick:province
Yalova,ALTINOVA,40.6943,29.5088,bunick:town
Yalova,ARMUTLU,40.5192,28.8259,bunick:town
Yalova,ÇINARCIK,40.6465,29.1173,bunick:town
Yalova,ÇİFTLİKKÖY,40.6646,29.3227,bunick:town
Yalova,TERMAL,40.6062,29.1742,bunick:town
Karabük,MERKEZ,41.2058,32.6232,bunick:province
Karabük,EFLANİ,41.4234,32.9558,bunick:town
Karabük,ESKİPAZAR,40.9429,32.5305,bunick:town
Karabük,OVACIK,41.0754,32.9198,bunick:town
Karabük,SAFRANBOLU,41.2492,32.6831,bunick:town
Karabük,YENİCE,41.2035,32.321,bunick:town
Kilis,MERKEZ,36.7165,37.1145,bunick:province
Kilis,ELBEYLİ,36.6749,37.4669,bunick:town
Kilis,MUSABEYLİ,36.8849,36.9177,bunick:town
Kilis,POLATELİ,36.8408,37.1428,bunick:town
Osmaniye,MERKEZ,37.073,36.2453,bunick:province
Osmaniye,BAHÇE,37.2032,36.5816,bunick:town
Osmaniye,DÜZİÇİ,37.2401,36.4535,bunick:town
Osmaniye,HASANBEYLİ,37.1309,36.5559,bunick:town
Osmaniye,KADİRLİ,37.3673,36.0966,bunick:town
Osmaniye,SUMBAS,37.4536,36.0247,bunick:town
Osmaniye,TOPRAKKALE,37.0677,36.1444,bunick:town
Düzce,MERKEZ,40.8394,31.1601,bunick:province
Düzce,AKÇAKOCA,41.0878,31.1174,bunick:town
Düzce,CUMAYERİ,40.873,30.9508,bunick:town
Düzce,ÇİLİMLİ,40.8955,31.0461,bunick:town
Düzce,GÖLYAKA,40.7747,30.9979,bunick:town
Düzce,GÜMÜŞOVA,40.8455,30.9384,bunick:town
Düzce,KAYNAŞLI,40.7735,31.3194,bunick:town
Düzce,YIĞILCA,40.9605,31.4444,bunick:town
